plot_id,longitude,latitude,Altitude,crop_type,planting_date,season,country,county
1,37.6122529,-0.499127,1252.08,maize,10/6/2021,Short Rains,Kenya,Embu
2,37.6402894,-0.4754511,1234.5,maize,11/10/2021,Short Rains,Kenya,Embu
3,37.6086503,-0.5351206,1226.4,maize,12/2/2021,Short Rains,Kenya,Embu
4,37.5027862,-0.3971582,1839.7,maize,11/6/2021,Short Rains,Kenya,Embu
5,37.6600589,-0.4509697,1234.53,maize,11/14/2021,Short Rains,Kenya,Embu
6,37.4846657,-0.5479202,1059.5,maize,10/21/2021,Short Rains,Kenya,Embu
7,37.634335,-0.5210633,1169.4,maize,10/5/2021,Short Rains,Kenya,Embu
8,37.4951411,-0.5306375,1345.7,maize,10/20/2021,Short Rains,Kenya,Embu
9,37.6264703,-0.5555633,1141.5,maize,10/15/2021,Short Rains,Kenya,Embu
10,37.6014033,-0.54254,1229.9,maize,10/20/2021,Short Rains,Kenya,Embu
11,37.6540533,-0.6187817,1089.5,maize,10/26/2021,Short Rains,Kenya,Embu
12,37.6195067,-0.6067483,1200.09,maize,10/20/2021,Short Rains,Kenya,Embu
13,37.6660462,-0.5095879,1202.5,maize,10/26/2021,Short Rains,Kenya,Embu
14,37.6599089,-0.5621306,1211.59,maize,10/26/2021,Short Rains,Kenya,Embu
15,37.6419367,-0.59156,1226.8,maize,10/26/2021,Short Rains,Kenya,Embu
16,37.6636333,-0.564285,1213.8,maize,10/24/2021,Short Rains,Kenya,Embu
17,37.6093317,-0.5287267,1240.2,maize,11/15/2021,Short Rains,Kenya,Embu
18,37.59201,-0.4761931,1300.39,maize,10/9/2021,Short Rains,Kenya,Embu
19,37.6929725,-0.4865779,1151,maize,10/18/2021,Short Rains,Kenya,Embu
20,37.6949336,-0.4884273,1119.89,maize,10/20/2021,Short Rains,Kenya,Embu
21,37.6410297,-0.4160818,1366.89,maize,10/29/2021,Short Rains,Kenya,Embu
22,37.6626795,-0.4421184,1123.79,maize,10/27/2021,Short Rains,Kenya,Embu
23,37.505875,-0.5597577,1248.1,maize,10/26/2021,Short Rains,Kenya,Embu
24,37.640303,-0.4757659,1228.98,maize,10/2/2021,Short Rains,Kenya,Embu
25,37.5146983,-0.5535467,1251.9,maize,10/26/2021,Short Rains,Kenya,Embu
26,37.6355233,-0.5126767,1180.2,maize,10/26/2021,Short Rains,Kenya,Embu
27,37.5477242,-0.4824847,1407.5,maize,10/21/2021,Short Rains,Kenya,Embu
28,37.6095081,-0.4540526,1324.41,maize,10/8/2021,Short Rains,Kenya,Embu
29,37.2597917,-0.7360546,1124.5,maize,10/28/2021,Short Rains,Kenya,Embu
30,37.4779844,-0.5698487,1263.77,maize,10/26/2021,Short Rains,Kenya,Embu
31,37.6497833,-0.5058367,1219.7,maize,10/25/2021,Short Rains,Kenya,Embu
32,37.6090932,-0.4545221,1330.98,maize,10/25/2021,Short Rains,Kenya,Embu
33,37.6157713,-0.5966838,1197.09,maize,10/24/2021,Short Rains,Kenya,Embu
34,37.5231383,-0.518685,1400.2,maize,10/20/2021,Short Rains,Kenya,Embu
35,37.5290533,-0.5665817,1217,maize,10/15/2021,Short Rains,Kenya,Embu
36,37.5377373,-0.5469031,1300.5,maize,10/18/2021,Short Rains,Kenya,Embu
37,37.5276633,-0.5383533,1282.2,maize,10/20/2021,Short Rains,Kenya,Embu
38,37.518547,-0.5408191,1270.5,maize,10/22/2021,Short Rains,Kenya,Embu
39,37.5064528,-0.5057719,1482.8,maize,10/22/2021,Short Rains,Kenya,Embu
40,37.541256,-0.5470645,1307.3,maize,10/26/2021,Short Rains,Kenya,Embu
41,37.5186867,-0.5297267,1344.8,maize,10/21/2021,Short Rains,Kenya,Embu
42,37.7350985,-0.4612064,1099.69,maize,11/16/2021,Short Rains,Kenya,Embu
43,37.5101333,-0.5095167,1459.1,maize,3/20/2021,Long Rains,Kenya,Embu
44,37.4931704,-0.5153353,1400.8,maize,10/19/2021,Short Rains,Kenya,Embu
45,37.504755,-0.4923017,1492.6,maize,10/23/2021,Short Rains,Kenya,Embu
46,37.6957356,-0.4892876,1115.77,maize,10/15/2021,Short Rains,Kenya,Embu
47,37.517165,-0.528585,1332.7,maize,10/20/2021,Short Rains,Kenya,Embu
48,37.5088367,-0.5332066,1282,maize,10/21/2021,Short Rains,Kenya,Embu
49,37.509405,-0.5349835,1292.8,maize,10/19/2021,Short Rains,Kenya,Embu
50,37.5179781,-0.5426795,1246.3,maize,10/25/2021,Short Rains,Kenya,Embu
51,37.525675,-0.52963,1348.4,maize,10/28/2021,Short Rains,Kenya,Embu
52,37.5085833,-0.51643,1325.6,maize,10/21/2021,Short Rains,Kenya,Embu
53,37.5202403,-0.502102,1446.4,maize,10/20/2021,Short Rains,Kenya,Embu
54,37.526965,-0.515235,1434.5,maize,10/24/2021,Short Rains,Kenya,Embu
55,37.5098967,-0.53261,1311.6,maize,10/26/2021,Short Rains,Kenya,Embu
56,37.508085,-0.5078099,1458.1,maize,10/21/2021,Short Rains,Kenya,Embu
57,37.5067033,-0.5291917,1305.8,maize,10/23/2021,Short Rains,Kenya,Embu
58,37.5073279,-0.5168516,1356.3,maize,10/20/2021,Short Rains,Kenya,Embu
59,37.5300661,-0.5067194,1424.8,maize,11/1/2021,Short Rains,Kenya,Embu
60,37.4678696,-0.4943636,1507.78,maize,10/4/2021,Short Rains,Kenya,Embu
61,37.5212447,-0.5236248,1404,maize,10/20/2021,Short Rains,Kenya,Embu
62,37.5486564,-0.5385704,1372.2,maize,10/15/2021,Short Rains,Kenya,Embu
63,37.5137933,-0.5288183,1309.8,maize,10/23/2021,Short Rains,Kenya,Embu
64,37.5283432,-0.5077933,1437.8,maize,10/24/2021,Short Rains,Kenya,Embu
65,37.5065819,-0.5059466,1482.7,maize,10/21/2021,Short Rains,Kenya,Embu
66,37.508336,-0.5104361,1433.4,maize,10/19/2021,Short Rains,Kenya,Embu
67,37.550985,-0.5000367,1399.7,maize,10/20/2021,Short Rains,Kenya,Embu
68,37.5216902,-0.4872694,1425.7,maize,11/2/2021,Short Rains,Kenya,Embu
69,37.5037289,-0.5180845,1404.7,maize,10/19/2021,Short Rains,Kenya,Embu
70,37.4934648,-0.4781685,1576.8,maize,10/20/2021,Short Rains,Kenya,Embu
71,37.4739629,-0.6084293,1204.8,maize,10/21/2021,Short Rains,Kenya,Kirinyaga
72,37.2718985,-0.6244684,1215.9,maize,10/20/2020,Short Rains,Kenya,Kirinyaga
73,37.3773396,-0.5545766,1460.9,maize,10/7/2021,Short Rains,Kenya,Kirinyaga
74,37.3605175,-0.6078358,1226.2,maize,10/9/2021,Short Rains,Kenya,Kirinyaga
75,37.2836944,-0.6537351,1219.4,maize,10/5/2021,Short Rains,Kenya,Kirinyaga
76,37.4683104,-0.6068328,1205.69,maize,10/21/2021,Short Rains,Kenya,Kirinyaga
77,37.350439,-0.5854416,1272.5,maize,10/4/2021,Short Rains,Kenya,Kirinyaga
78,37.3178379,-0.6192777,1190,maize,10/22/2021,Short Rains,Kenya,Kirinyaga
79,37.4739926,-0.6085345,1200.59,maize,10/22/2021,Short Rains,Kenya,Kirinyaga
80,37.4680667,-0.6068317,1206.59,maize,10/21/2021,Short Rains,Kenya,Kirinyaga
81,37.4682421,-0.6067876,1198.8,maize,10/22/2021,Short Rains,Kenya,Kirinyaga
82,37.2894068,-0.64751,1224,maize,10/7/2021,Short Rains,Kenya,Kirinyaga
83,37.31577,-0.5982133,1275.7,maize,10/4/2020,Short Rains,Kenya,Kirinyaga
84,37.43704,-0.6749,1130.39,maize,10/21/2021,Short Rains,Kenya,Kirinyaga
85,37.3330751,-0.5767772,1294.3,maize,10/4/2020,Short Rains,Kenya,Kirinyaga
86,37.3404633,-0.594345,1255,maize,10/4/2020,Short Rains,Kenya,Kirinyaga
87,37.3489127,-0.5527773,1354,maize,10/4/2021,Short Rains,Kenya,Kirinyaga
88,37.3203438,-0.5916507,1268.4,maize,10/4/2021,Short Rains,Kenya,Kirinyaga
89,37.3223027,-0.7385873,1153.7,maize,10/9/2021,Short Rains,Kenya,Kirinyaga
90,37.4413233,-0.7891516,1108.89,maize,10/22/2021,Short Rains,Kenya,Kirinyaga
91,37.551706,-0.4357971,1477.7,maize,9/20/2021,Off Season,Kenya,Kirinyaga
92,37.5973158,-0.502628,1244.3,maize,10/21/2021,Short Rains,Kenya,Kirinyaga
93,37.3843967,-0.5150983,1471.3,maize,12/8/2021,Short Rains,Kenya,Kirinyaga
94,37.3944789,-0.4720488,1536.5,maize,10/7/2021,Short Rains,Kenya,Kirinyaga
95,37.32933,-0.60725,1190.5,maize,10/20/2021,Short Rains,Kenya,Kirinyaga
96,37.551771,-0.4357408,1474.8,maize,10/20/2021,Short Rains,Kenya,Kirinyaga
97,37.3906494,-0.5202334,1389.5,maize,10/22/2021,Short Rains,Kenya,Kirinyaga
98,37.5521631,-0.4360668,1582.6,maize,10/20/2021,Short Rains,Kenya,Kirinyaga
99,37.6476136,-0.4962485,1188,maize,10/20/2021,Short Rains,Kenya,Kirinyaga
100,37.4429516,-0.7840175,1118.8,maize,10/25/2021,Short Rains,Kenya,Kirinyaga
101,37.4005017,-0.46428,1580.7,maize,10/7/2021,Short Rains,Kenya,Kirinyaga
102,37.5419434,-0.3892489,1675.7,maize,10/25/2021,Short Rains,Kenya,Kirinyaga
103,37.5518398,-0.4357668,1465.1,maize,1/15/2022,Off Season,Kenya,Kirinyaga
104,37.3862024,-0.5159137,1448.5,maize,10/7/2021,Short Rains,Kenya,Kirinyaga
105,37.5517782,-0.4356933,1475.9,maize,10/20/2021,Short Rains,Kenya,Kirinyaga
106,37.3409611,-0.5591619,1322.2,maize,10/10/2021,Short Rains,Kenya,Kirinyaga
107,37.3840851,-0.5466632,1379.1,maize,10/7/2021,Short Rains,Kenya,Kirinyaga
108,37.413275,-0.5508486,1383.6,maize,10/8/2021,Short Rains,Kenya,Kirinyaga
109,37.5973497,-0.5027024,1288,maize,10/22/2021,Short Rains,Kenya,Kirinyaga
110,37.4146917,-0.4730469,1572,maize,10/4/2021,Short Rains,Kenya,Kirinyaga
111,37.5516699,-0.4356616,1464.3,maize,10/18/2021,Short Rains,Kenya,Kirinyaga
112,37.4159467,-0.4733183,1594.1,maize,10/18/2020,Short Rains,Kenya,Kirinyaga
113,37.4156883,-0.4736283,1546.2,maize,10/7/2021,Short Rains,Kenya,Kirinyaga
114,37.5517733,-0.43566,1470.7,maize,10/18/2021,Short Rains,Kenya,Kirinyaga
115,37.3977408,-0.4740074,1569,maize,10/7/2021,Short Rains,Kenya,Kirinyaga
116,37.3598883,-0.5671177,1282.09,maize,10/20/2021,Short Rains,Kenya,Kirinyaga
117,37.5516905,-0.4356711,1471.8,maize,10/18/2021,Short Rains,Kenya,Kirinyaga
118,37.3849924,-0.5106743,1474,maize,10/8/2021,Short Rains,Kenya,Kirinyaga
119,37.5973135,-0.5026444,1248.39,maize,10/21/2021,Short Rains,Kenya,Kirinyaga
120,37.4069767,-0.50817,1459,maize,10/8/2021,Short Rains,Kenya,Kirinyaga
121,37.5516656,-0.4357038,1468.3,maize,10/20/2021,Short Rains,Kenya,Kirinyaga
122,37.3972484,-0.4720044,1581,maize,10/8/2021,Short Rains,Kenya,Kirinyaga
123,37.5516678,-0.4356483,1471.8,maize,10/15/2021,Short Rains,Kenya,Kirinyaga
124,37.3972368,-0.4722343,1579.8,maize,10/8/2021,Short Rains,Kenya,Kirinyaga
125,37.4293558,-0.4790809,1559,maize,10/8/2021,Short Rains,Kenya,Kirinyaga
126,37.5974835,-0.5025418,1251.39,maize,10/23/2021,Short Rains,Kenya,Kirinyaga
127,37.4022112,-0.5042465,1495.8,maize,10/28/2021,Short Rains,Kenya,Kirinyaga
128,37.414728,-0.4728214,1582.8,maize,10/7/2021,Short Rains,Kenya,Kirinyaga
129,37.4131617,-0.550745,1385.6,maize,10/8/2021,Short Rains,Kenya,Kirinyaga
130,37.3814089,-0.4818653,1630.7,maize,10/8/2021,Short Rains,Kenya,Kirinyaga
131,38.0535647,0.3141426,1015.8,maize,11/11/2021,Short Rains,Kenya,Meru
132,37.5968266,0.223977,1476.96,maize,10/28/2021,Short Rains,Kenya,Meru
133,37.7233435,0.2172494,1356.9,maize,10/28/2021,Short Rains,Kenya,Meru
134,37.7948783,0.1536317,1490.4,maize,10/13/2021,Short Rains,Kenya,Meru
135,37.8120652,0.0884789,1196.2,maize,10/24/2021,Short Rains,Kenya,Meru
136,38.0535774,0.3143454,1015.5,maize,10/11/2021,Short Rains,Kenya,Meru
137,37.6734472,0.0774264,1419.1,maize,10/15/2021,Short Rains,Kenya,Meru
138,37.7228801,0.136545,1483,maize,10/15/2021,Short Rains,Kenya,Meru
139,37.7884828,0.2195973,1460.3,maize,10/10/2020,Short Rains,Kenya,Meru
140,38.0568152,0.3495791,1068,maize,10/10/2021,Short Rains,Kenya,Meru
141,38.0597733,0.2815217,933.6,maize,11/13/2020,Short Rains,Kenya,Meru
142,38.0612259,0.2800851,925.5,maize,10/17/2021,Short Rains,Kenya,Meru
143,38.0622256,0.2788795,925.7,maize,10/22/2021,Short Rains,Kenya,Meru
144,38.055878,0.3216239,1021,maize,11/7/2021,Short Rains,Kenya,Meru
145,37.7288117,0.1183667,1373.7,maize,10/7/2020,Short Rains,Kenya,Meru
146,37.8713689,0.2849086,1693.6,maize,10/10/2021,Short Rains,Kenya,Meru
147,37.7270887,0.0346181,1260.9,maize,10/10/2021,Short Rains,Kenya,Meru
148,37.8243217,0.0488567,1153.3,maize,9/12/2021,Off Season,Kenya,Meru
149,38.0626627,0.2774064,933.7,maize,11/21/2020,Short Rains,Kenya,Meru
150,37.7277217,0.1179968,1402.8,maize,10/17/2021,Short Rains,Kenya,Meru
151,37.823185,0.048975,1133.8,maize,9/12/2021,Off Season,Kenya,Meru
152,38.0571685,0.3327147,1022.5,maize,11/10/2021,Short Rains,Kenya,Meru
153,38.0576937,0.335291,1041.4,maize,11/8/2021,Short Rains,Kenya,Meru
154,37.7948783,0.1536317,1490.4,maize,9/21/2021,Off Season,Kenya,Meru
155,37.7277432,0.1181052,1373.9,maize,10/10/2021,Short Rains,Kenya,Meru
156,38.0581104,0.2704544,920.3,maize,9/29/2021,Off Season,Kenya,Meru
157,37.6982663,0.0415787,1268.3,maize,10/20/2021,Short Rains,Kenya,Meru
158,38.0660694,0.2789571,913.2,maize,10/11/2021,Short Rains,Kenya,Meru
159,37.7051047,0.0618658,1252.8,maize,10/25/2021,Short Rains,Kenya,Meru
160,37.9157951,0.2933643,1814.1,maize,10/10/2021,Short Rains,Kenya,Meru
161,38.0580322,0.2704709,900.1,maize,11/5/2021,Short Rains,Kenya,Meru
162,38.0670875,0.2817143,907.4,maize,10/20/2021,Short Rains,Kenya,Meru
163,37.7231459,0.1363949,1426.6,maize,10/11/2021,Short Rains,Kenya,Meru
164,38.0642293,0.2777626,908.8,maize,10/23/2021,Short Rains,Kenya,Meru
165,38.0558585,0.3213716,1020.1,maize,10/20/2021,Short Rains,Kenya,Meru
166,37.7324483,0.179055,1373.3,maize,11/6/2021,Short Rains,Kenya,Meru
167,38.0663014,0.3273325,983,maize,10/10/2021,Short Rains,Kenya,Meru
168,37.705,0.0615033,1252.8,maize,10/10/2021,Short Rains,Kenya,Meru
169,37.8095522,0.0889239,1110.4,maize,10/20/2021,Short Rains,Kenya,Meru
170,37.7077817,0.0231539,1274.4,maize,10/20/2021,Short Rains,Kenya,Meru
171,38.0766334,0.2892001,999.7,maize,10/16/2021,Short Rains,Kenya,Meru
172,37.8574917,0.08497,1147.7,maize,10/5/2021,Short Rains,Kenya,Meru
173,37.7232254,0.1364214,1433.1,maize,10/9/2021,Short Rains,Kenya,Meru
174,37.64396,0.1614809,1486.45,maize,10/17/2021,Short Rains,Kenya,Meru
175,37.8629449,-0.1051202,785.8,maize,11/20/2021,Short Rains,Kenya,Meru
176,37.6696852,0.1925149,1418.36,maize,10/5/2021,Short Rains,Kenya,Meru
177,37.75876167,-0.039268333,1170.5,maize,10/16/2021,Short Rains,Kenya,Meru
178,37.8180527,0.0877447,1163.7,maize,10/23/2021,Short Rains,Kenya,Meru
179,37.8200266,0.088947,1134.4,maize,10/18/2021,Short Rains,Kenya,Meru
180,37.8629599,-0.1050947,802.4,maize,11/22/2021,Short Rains,Kenya,Meru
181,37.8629973,-0.1049787,763.4,maize,11/17/2021,Short Rains,Kenya,Meru
182,37.8614894,-0.1065185,789.9,maize,10/16/2021,Short Rains,Kenya,Meru
183,37.76666,-0.007201667,1116.5,maize,10/15/2021,Short Rains,Kenya,Meru
184,37.6663698,-0.0171375,1531.5,maize,11/20/2021,Short Rains,Kenya,Meru
185,37.7832314,0.1727234,1516.3,maize,10/15/2021,Short Rains,Kenya,Meru
186,38.025986,0.124419,790.3,maize,11/15/2021,Short Rains,Kenya,Meru
187,37.8222117,0.0905117,1183.59,maize,10/14/2021,Short Rains,Kenya,Meru
188,37.8625849,-0.1053609,764.24,maize,10/27/2021,Short Rains,Kenya,Meru
189,37.8627207,-0.1053927,775.4,maize,11/22/2021,Short Rains,Kenya,Meru
190,37.8629852,-0.1050341,766.9,maize,11/22/2021,Short Rains,Kenya,Meru
191,37.834035,-0.014081667,973.9,maize,10/15/2021,Short Rains,Kenya,Meru
192,37.8625036,-0.1055053,760.59,maize,10/24/2021,Short Rains,Kenya,Meru
193,38.0818897,0.3013135,897,maize,10/24/2021,Short Rains,Kenya,Meru
194,37.862867,-0.1051195,810.9,maize,12/6/2021,Short Rains,Kenya,Meru
195,37.64908,0.1866122,1428.91,maize,10/8/2021,Short Rains,Kenya,Meru
196,37.8615633,-0.1063717,781.2,maize,10/8/2021,Short Rains,Kenya,Meru
197,37.8626439,-0.1053738,783.8,maize,11/26/2021,Short Rains,Kenya,Meru
198,37.785055,0.121295,1399.2,maize,10/4/2021,Short Rains,Kenya,Meru
199,37.8689214,-0.126102,710.5,maize,10/12/2021,Short Rains,Kenya,Meru
200,37.8624285,-0.1048102,760.81,maize,10/14/2021,Short Rains,Kenya,Meru
201,37.9435645,0.3616457,1794.5,maize,11/20/2021,Short Rains,Kenya,Meru
202,37.8627289,-0.1050941,758.23,maize,10/22/2021,Short Rains,Kenya,Meru
203,37.86297,-0.105135,816.9,maize,11/23/2021,Short Rains,Kenya,Meru
204,37.773725,0.0218309,1106.71,maize,11/23/2021,Short Rains,Kenya,Meru
205,37.8630099,-0.1050924,758.12,maize,11/23/2021,Short Rains,Kenya,Meru
206,37.6183688,0.1718228,1556.91,maize,10/7/2021,Short Rains,Kenya,Meru
207,37.8571825,-0.1112816,788.38,maize,10/28/2021,Short Rains,Kenya,Meru
208,37.6178577,0.1716963,1550.17,maize,10/3/2021,Short Rains,Kenya,Meru
209,37.6192928,0.1362594,1672.3,maize,10/9/2021,Short Rains,Kenya,Meru
210,37.8099628,0.0597189,1126,maize,10/19/2021,Short Rains,Kenya,Meru
211,37.86262,-0.1054821,782.9,maize,11/21/2021,Short Rains,Kenya,Meru
212,37.5232492,0.1367049,2007.5,maize,10/20/2021,Short Rains,Kenya,Meru
213,37.7757053,0.0780292,1193.4,maize,10/9/2021,Short Rains,Kenya,Meru
214,37.8627053,-0.1051993,762.11,maize,10/28/2021,Short Rains,Kenya,Meru
215,37.6241141,0.1373668,1638.73,maize,10/3/2021,Short Rains,Kenya,Meru
216,37.78421167,-0.023065,1043.9,maize,10/16/2021,Short Rains,Kenya,Meru
217,37.7340474,-0.0445081,1208.4,maize,10/15/2021,Short Rains,Kenya,Meru
218,37.5012864,0.1122663,2266.5,maize,10/20/2021,Short Rains,Kenya,Meru
219,37.9890074,0.3573181,1639.3,maize,10/11/2021,Short Rains,Kenya,Meru
220,37.8686677,-0.1265632,716.9,maize,10/12/2021,Short Rains,Kenya,Meru
221,37.8628098,-0.1051154,753.24,maize,10/18/2021,Short Rains,Kenya,Meru
222,37.8627539,-0.1051517,729.87,maize,10/23/2021,Short Rains,Kenya,Meru
223,37.7803894,0.0579243,1216.59,maize,10/2/2021,Short Rains,Kenya,Meru
224,37.8070444,0.0731021,1155.3,maize,10/11/2021,Short Rains,Kenya,Meru
225,37.8014008,0.0553805,1209.59,maize,10/11/2021,Short Rains,Kenya,Meru
226,37.8081157,0.0761204,1189.5,maize,10/4/2021,Short Rains,Kenya,Meru
227,37.6319419,0.1527169,1539.66,maize,11/17/2021,Short Rains,Kenya,Meru
228,37.7745607,0.069702,1181,maize,10/29/2021,Short Rains,Kenya,Meru
229,37.8200964,0.0872704,1210,maize,10/21/2021,Short Rains,Kenya,Meru
230,38.0851735,0.3028844,877.7,maize,10/20/2020,Short Rains,Kenya,Meru
231,37.5015016,0.1125693,2263.1,maize,10/25/2021,Short Rains,Kenya,Meru
232,38.1363667,0.310555,789,maize,11/16/2021,Short Rains,Kenya,Meru
233,38.0466017,0.29668,1033.9,maize,11/15/2020,Short Rains,Kenya,Meru
234,37.6071683,0.1788973,1598.25,maize,10/1/2021,Short Rains,Kenya,Meru
235,37.8615996,-0.1063998,758.4,maize,11/22/2021,Short Rains,Kenya,Meru
236,37.809194,0.0710371,1186.2,maize,10/19/2021,Short Rains,Kenya,Meru
237,37.7613932,-0.0171414,1093.1,maize,9/26/2021,Off Season,Kenya,Meru
238,37.8157906,0.0841957,1207.9,maize,10/23/2021,Short Rains,Kenya,Meru
239,37.76304667,-0.01667,1147,maize,10/17/2021,Short Rains,Kenya,Meru
240,37.6076529,0.1783375,1570.21,maize,9/29/2021,Off Season,Kenya,Meru
241,37.9891171,0.3049109,1421.4,maize,11/10/2021,Short Rains,Kenya,Meru
242,37.7982743,0.0595534,1155.7,maize,10/12/2021,Short Rains,Kenya,Meru
243,37.6790372,-0.0334984,1439.4,maize,11/14/2021,Short Rains,Kenya,Meru
244,37.762415,-0.01489,691.8,maize,10/17/2021,Short Rains,Kenya,Meru
245,37.788275,-0.002456667,1087.4,maize,10/5/2021,Short Rains,Kenya,Meru
246,37.78795333,0.000495,1090.7,maize,10/15/2021,Short Rains,Kenya,Meru
247,37.8625345,-0.1050929,758.74,maize,10/15/2021,Short Rains,Kenya,Meru
248,37.8627244,-0.1050482,808.1,maize,11/24/2021,Short Rains,Kenya,Meru
249,37.8626186,-0.1052573,749.69,maize,10/20/2021,Short Rains,Kenya,Meru
250,37.7143561,-0.033795,1208.96,maize,11/16/2021,Short Rains,Kenya,Meru
251,37.7808964,0.0766204,1224.09,maize,10/14/2021,Short Rains,Kenya,Meru
252,37.8251651,0.084254,1188,maize,10/21/2021,Short Rains,Kenya,Meru
253,37.7840307,0.1714666,1483.6,maize,9/20/2021,Off Season,Kenya,Meru
254,37.8625411,-0.1053247,762.89,maize,10/24/2021,Short Rains,Kenya,Meru
255,37.8627528,-0.1050577,755.61,maize,10/21/2021,Short Rains,Kenya,Meru
256,38.0476076,0.298603,1014.5,maize,10/10/2021,Short Rains,Kenya,Meru
257,37.862824,-0.1051072,784.3,maize,11/26/2021,Short Rains,Kenya,Meru
258,37.7565611,-0.083854,1173.7,maize,9/17/2021,Off Season,Kenya,Meru
259,37.7828923,0.080639,1208.09,maize,10/26/2021,Short Rains,Kenya,Meru
260,37.6490612,0.1861061,1432.16,maize,10/4/2021,Short Rains,Kenya,Meru
261,37.7600313,0.1910763,1024.4,maize,10/15/2021,Short Rains,Kenya,Meru
262,37.7844172,0.1725752,1520.1,maize,10/8/2021,Short Rains,Kenya,Meru
263,37.7562139,-0.0838907,1192,maize,10/14/2021,Short Rains,Kenya,Meru
264,37.8174602,0.0870598,1213.59,maize,10/17/2021,Short Rains,Kenya,Meru
265,37.753972,0.0302557,1145.09,maize,11/20/2021,Short Rains,Kenya,Meru
266,37.8572926,-0.1109289,768.21,maize,10/27/2021,Short Rains,Kenya,Meru
267,37.6344614,0.1420029,1565.56,maize,10/10/2021,Short Rains,Kenya,Meru
268,37.8626151,-0.1050567,756.51,maize,10/14/2021,Short Rains,Kenya,Meru
269,37.6184692,0.1717187,1558.66,maize,11/15/2021,Short Rains,Kenya,Meru
270,37.76927167,-0.00738,1129,maize,10/16/2021,Short Rains,Kenya,Meru
271,38.12114,0.2992085,821.7,maize,11/6/2021,Short Rains,Kenya,Meru
272,37.6066602,0.1833453,1600.28,maize,10/5/2021,Short Rains,Kenya,Meru
273,37.8188393,0.0875327,1213.4,maize,10/17/2021,Short Rains,Kenya,Meru
274,37.7829071,0.1729153,1529.6,maize,10/15/2021,Short Rains,Kenya,Meru
275,37.7763138,0.0768184,1223.5,maize,10/17/2021,Short Rains,Kenya,Meru
276,37.731997,-0.0426153,1210.07,maize,11/13/2021,Short Rains,Kenya,Meru
277,37.6206637,0.2258772,1393.76,maize,10/15/2021,Short Rains,Kenya,Meru
278,37.8543128,-0.1003928,836.8,maize,11/3/2021,Short Rains,Kenya,Meru
279,37.861477,-0.1062451,758.62,maize,11/25/2021,Short Rains,Kenya,Meru
280,37.7903159,0.0782336,1183.8,maize,10/11/2021,Short Rains,Kenya,Meru
281,37.8630688,-0.1050003,762.47,maize,10/22/2021,Short Rains,Kenya,Meru
282,37.7776575,-0.1094948,1013.6,maize,10/7/2021,Short Rains,Kenya,Meru
283,37.8196758,0.0880995,1154.9,maize,10/28/2021,Short Rains,Kenya,Meru
284,37.8630393,-0.1051913,802,maize,11/22/2021,Short Rains,Kenya,Meru
285,37.8400852,0.249175,1778.8,maize,10/15/2021,Short Rains,Kenya,Meru
286,37.86159,-0.1063517,783.7,maize,10/17/2021,Short Rains,Kenya,Meru
287,37.8627816,-0.1051305,762.87,maize,11/17/2021,Short Rains,Kenya,Meru
288,37.79834667,-0.00169,1052.8,maize,10/15/2021,Short Rains,Kenya,Meru
289,38.1211724,0.2993042,824.8,maize,11/10/2021,Short Rains,Kenya,Meru
290,37.8191529,0.053952,1147.59,maize,10/15/2021,Short Rains,Kenya,Meru
291,37.5013731,0.1122372,2259,maize,10/17/2021,Short Rains,Kenya,Meru
292,37.6325352,0.15328,1531.46,maize,10/5/2021,Short Rains,Kenya,Meru
293,38.0574501,0.3742328,1078.5,maize,10/11/2021,Short Rains,Kenya,Meru
294,37.7872108,0.088568,1248.59,maize,10/28/2021,Short Rains,Kenya,Meru
295,37.6346268,0.1582176,1516.16,maize,10/6/2021,Short Rains,Kenya,Meru
296,37.77399333,-0.01116,1107.59,maize,10/17/2021,Short Rains,Kenya,Meru
297,37.75847,-0.016823333,1163.59,maize,10/12/2021,Short Rains,Kenya,Meru
298,37.8175099,0.087527,1236,maize,10/26/2021,Short Rains,Kenya,Meru
299,38.0623,0.37238,1307,maize,10/13/2021,Short Rains,Kenya,Meru
300,37.8175211,0.0879094,1197.08,maize,10/27/2021,Short Rains,Kenya,Meru
301,37.988997,0.3573033,1630.7,maize,11/16/2021,Short Rains,Kenya,Meru
302,37.776826,-0.0599553,952.7,maize,10/15/2021,Short Rains,Kenya,Meru
303,37.6666333,-0.0166003,1204.12,maize,10/15/2021,Short Rains,Kenya,Meru
304,38.0571008,0.3734368,1077.7,maize,10/10/2021,Short Rains,Kenya,Meru
305,37.861474,-0.1062362,762.18,maize,11/15/2021,Short Rains,Kenya,Meru
306,37.841085,-0.043035,936.9,maize,10/16/2021,Short Rains,Kenya,Meru
307,37.8625895,-0.1055224,771.1,maize,11/20/2021,Short Rains,Kenya,Meru
308,37.6422687,0.1637882,1489.04,maize,10/7/2021,Short Rains,Kenya,Meru
309,37.784109,0.1706727,1526.7,maize,10/8/2021,Short Rains,Kenya,Meru
310,37.7880113,0.0602492,1165.9,maize,10/10/2021,Short Rains,Kenya,Meru
311,37.6917562,0.2343394,1314.8,maize,10/15/2021,Short Rains,Kenya,Meru
312,37.8076562,0.0962195,1124.5,maize,10/21/2021,Short Rains,Kenya,Meru
313,37.7849139,0.1713649,1489.2,maize,10/29/2021,Short Rains,Kenya,Meru
314,37.8615449,-0.1063884,784.8,maize,10/8/2021,Short Rains,Kenya,Meru
315,37.6568097,0.1835926,1419.25,maize,10/8/2021,Short Rains,Kenya,Meru
316,37.80378,-0.008206667,1030.7,maize,10/16/2021,Short Rains,Kenya,Meru
317,37.785045,0.1211667,1399.2,maize,10/5/2021,Short Rains,Kenya,Meru
318,37.6789028,-0.0335665,1426.8,maize,11/13/2021,Short Rains,Kenya,Meru
319,37.8544337,-0.1004344,827.6,maize,10/30/2021,Short Rains,Kenya,Meru
320,37.7927042,0.10492,1223.5,maize,10/26/2021,Short Rains,Kenya,Meru
321,37.7774146,0.1920546,1472.8,maize,10/18/2021,Short Rains,Kenya,Meru
322,38.0739879,0.2892017,893.3,maize,10/10/2021,Short Rains,Kenya,Meru
323,37.81418833,-0.027936667,1031.5,maize,10/16/2021,Short Rains,Kenya,Meru
324,37.7771155,0.0547548,1042.9,maize,10/7/2021,Short Rains,Kenya,Meru
325,37.851425,-0.01927,952.7,maize,10/10/2021,Short Rains,Kenya,Meru
326,37.9910031,0.322569,1372.6,maize,11/11/2021,Short Rains,Kenya,Meru
327,37.779223,0.1755493,1519,maize,10/25/2021,Short Rains,Kenya,Meru
328,37.75112167,-0.005266667,1213.5,maize,10/25/2021,Short Rains,Kenya,Meru
329,37.8627393,-0.1051042,754.55,maize,10/20/2021,Short Rains,Kenya,Meru
330,37.7900771,0.1017244,1192.5,maize,10/24/2021,Short Rains,Kenya,Meru
331,37.8614818,-0.1062341,766.47,maize,11/27/2021,Short Rains,Kenya,Meru
332,37.6490683,0.1846813,1431.94,maize,10/10/2021,Short Rains,Kenya,Meru
333,37.8001548,0.0609852,1166.59,maize,10/10/2021,Short Rains,Kenya,Meru
334,37.8191113,0.0538026,1142.9,maize,10/13/2021,Short Rains,Kenya,Meru
335,37.8629785,-0.1051368,802.7,maize,11/17/2021,Short Rains,Kenya,Meru
336,37.797756,0.0833781,1237.8,maize,10/31/2021,Short Rains,Kenya,Meru
337,37.9427069,0.3612084,1783.5,maize,11/10/2021,Short Rains,Kenya,Meru
338,37.76628167,-0.033826667,1089.3,maize,10/16/2021,Short Rains,Kenya,Meru
339,37.8625868,-0.1051491,764.17,maize,10/23/2021,Short Rains,Kenya,Meru
340,37.789509,0.0582942,1148.2,maize,10/20/2021,Short Rains,Kenya,Meru
341,37.8614933,-0.1064033,786.4,maize,10/9/2021,Short Rains,Kenya,Meru
342,37.829395,-0.027091667,1037.9,maize,10/17/2021,Short Rains,Kenya,Meru
343,37.8625457,-0.1054851,775.2,maize,11/19/2021,Short Rains,Kenya,Meru
344,37.7672611,0.0193709,1116.9,maize,11/23/2021,Short Rains,Kenya,Meru
345,37.7650154,-0.0358847,1109.8,maize,10/20/2021,Short Rains,Kenya,Meru
346,37.5236183,0.13658,2010.9,maize,10/16/2021,Short Rains,Kenya,Meru
347,37.6490083,0.1845113,1434.32,maize,10/4/2021,Short Rains,Kenya,Meru
348,37.7882412,0.0709294,1181.09,maize,10/12/2021,Short Rains,Kenya,Meru
349,38.09049,0.3050317,868.4,maize,11/11/2020,Short Rains,Kenya,Meru
350,37.7540629,0.030173,1124.7,maize,11/19/2021,Short Rains,Kenya,Meru
351,37.8186278,0.0871582,1181.8,maize,10/22/2021,Short Rains,Kenya,Meru
352,37.8626465,-0.1055296,802.4,maize,11/21/2021,Short Rains,Kenya,Meru
353,37.764955,-0.038743333,1146.5,maize,10/17/2021,Short Rains,Kenya,Meru
354,37.6074842,0.1841029,1575.4,maize,10/10/2021,Short Rains,Kenya,Meru
355,37.79916,-0.043603333,989.3,maize,10/18/2021,Short Rains,Kenya,Meru
356,38.0478495,0.2993819,1028.7,maize,10/10/2021,Short Rains,Kenya,Meru
357,37.7138282,-0.036646,1260.55,maize,10/25/2021,Short Rains,Kenya,Meru
358,37.7577,-0.010563333,1075.9,maize,10/17/2021,Short Rains,Kenya,Meru
359,37.8200944,0.0888316,1134.9,maize,10/28/2021,Short Rains,Kenya,Meru
360,37.7776372,0.0577051,1143.5,maize,10/8/2021,Short Rains,Kenya,Meru
361,37.7659917,0.1850283,1442.8,maize,10/10/2021,Short Rains,Kenya,Meru
362,37.8498483,0.1002333,1170.2,maize,10/14/2021,Short Rains,Kenya,Meru
363,37.8717154,-0.1210654,730.09,maize,10/21/2021,Short Rains,Kenya,Meru
364,37.8632811,-0.1051661,774.2,maize,11/22/2021,Short Rains,Kenya,Meru
365,37.6242757,0.1374806,1630.34,maize,12/26/2021,Short Rains,Kenya,Meru
366,38.0610455,0.2813682,933.2,maize,11/10/2021,Short Rains,Kenya,Meru
367,37.8614635,-0.1065576,760.65,maize,11/17/2021,Short Rains,Kenya,Meru
368,37.75015833,-0.00863,1164.8,maize,10/17/2021,Short Rains,Kenya,Meru
369,37.5230644,0.1366936,2027.2,maize,10/22/2021,Short Rains,Kenya,Meru
370,37.8626482,-0.105146,761.76,maize,10/24/2021,Short Rains,Kenya,Meru
371,37.8081468,0.1012919,1176.09,maize,10/27/2021,Short Rains,Kenya,Meru
372,37.8617421,-0.1059786,752.46,maize,10/21/2021,Short Rains,Kenya,Meru
373,37.6441912,0.1623769,1483.92,maize,10/2/2021,Short Rains,Kenya,Meru
374,37.5012579,0.1124415,2265.69,maize,10/20/2021,Short Rains,Kenya,Meru
375,37.7839567,0.0599366,1178.8,maize,10/23/2021,Short Rains,Kenya,Meru
376,37.9909616,0.3224554,1371.1,maize,10/11/2021,Short Rains,Kenya,Meru
377,37.634014,0.1420937,1571.31,maize,10/11/2021,Short Rains,Kenya,Meru
378,37.5015973,0.1123703,2255.9,maize,10/21/2021,Short Rains,Kenya,Meru
379,37.6484594,0.1858258,1429.09,maize,10/15/2021,Short Rains,Kenya,Meru
380,37.7687557,0.0829768,1178.59,maize,10/20/2021,Short Rains,Kenya,Meru
381,37.8627427,-0.1050528,753.33,maize,10/17/2021,Short Rains,Kenya,Meru
382,37.7851287,0.0602056,1189.8,maize,10/9/2021,Short Rains,Kenya,Meru
383,37.8628972,-0.1050984,790.1,maize,11/20/2021,Short Rains,Kenya,Meru
384,37.8455428,0.2472278,1887,maize,10/15/2021,Short Rains,Kenya,Meru
385,37.7848259,0.0806631,1240.9,maize,10/18/2021,Short Rains,Kenya,Meru
386,37.776857,-0.0599925,972.7,maize,10/11/2021,Short Rains,Kenya,Meru
387,37.8196317,0.0880072,1204.59,maize,10/25/2021,Short Rains,Kenya,Meru
388,37.8056611,0.063095,1170.5,maize,10/23/2021,Short Rains,Kenya,Meru
389,37.8853015,0.3165689,1648.3,maize,10/15/2021,Short Rains,Kenya,Meru
390,37.7917102,0.0778168,1182.7,maize,10/10/2021,Short Rains,Kenya,Meru
391,37.624629,0.1374083,1620.66,maize,10/9/2021,Short Rains,Kenya,Meru
392,37.8627429,-0.1050826,751.84,maize,10/19/2021,Short Rains,Kenya,Meru
393,37.83723333,-0.014496667,913.4,maize,10/17/2021,Short Rains,Kenya,Meru
394,37.6501135,0.184859,1432.18,maize,10/3/2021,Short Rains,Kenya,Meru
395,37.8716043,-0.1213468,751.3,maize,11/8/2021,Short Rains,Kenya,Meru
396,37.8704717,0.2820517,1655.7,maize,10/10/2021,Short Rains,Kenya,Meru
397,37.8615875,-0.1064967,764.48,maize,11/20/2021,Short Rains,Kenya,Meru
398,37.6147465,0.1361722,1688.09,maize,10/7/2021,Short Rains,Kenya,Meru
399,37.8170297,0.0480678,1124.7,maize,10/16/2021,Short Rains,Kenya,Meru
400,37.8627093,-0.1055599,801.8,maize,11/26/2021,Short Rains,Kenya,Meru
401,37.820275,-0.015405,1007.3,maize,10/16/2021,Short Rains,Kenya,Meru
402,37.7823091,0.1733661,1515.2,maize,10/10/2021,Short Rains,Kenya,Meru
403,37.76871167,-0.001101667,997,maize,10/16/2021,Short Rains,Kenya,Meru
404,37.8175178,0.087446,1198.9,maize,10/19/2021,Short Rains,Kenya,Meru
405,37.834525,0.10424,1232.4,maize,10/15/2021,Short Rains,Kenya,Meru
406,37.7545754,-0.0788248,1161.59,maize,10/14/2021,Short Rains,Kenya,Meru
407,37.8544538,-0.0995587,813.7,maize,10/30/2021,Short Rains,Kenya,Meru
408,37.77778833,-0.020228333,1054.2,maize,10/26/2021,Short Rains,Kenya,Meru
409,37.832765,0.0909517,1183.7,maize,10/15/2021,Short Rains,Kenya,Meru
410,37.2243628,-0.8894448,1416.9,maize,10/9/2021,Short Rains,Kenya,Muranga
411,37.0266254,-0.897704,1604.6,maize,10/14/2020,Short Rains,Kenya,Muranga
412,37.2274508,-0.8887402,1385.59,maize,10/25/2021,Short Rains,Kenya,Muranga
413,37.1739065,-0.8348566,1310.09,maize,11/12/2021,Short Rains,Kenya,Muranga
414,37.0961862,-0.8862134,1592.1,maize,10/1/2021,Short Rains,Kenya,Muranga
415,37.1597938,-0.9693964,1476.8,maize,11/5/2021,Short Rains,Kenya,Muranga
416,37.2239681,-0.8884624,1433.3,maize,10/9/2021,Short Rains,Kenya,Muranga
417,37.3466972,-0.9802745,1263.8,maize,11/8/2021,Short Rains,Kenya,Muranga
418,37.347643,-0.9872088,1309.4,maize,10/8/2021,Short Rains,Kenya,Muranga
419,37.0683836,-0.9407073,1565.9,maize,10/10/2021,Short Rains,Kenya,Muranga
420,37.1793905,-0.8352368,1345.2,maize,10/12/2021,Short Rains,Kenya,Muranga
421,37.0969669,-0.8872326,1519.5,maize,9/5/2021,Off Season,Kenya,Muranga
422,37.2253073,-0.8880876,1332,maize,10/9/2021,Short Rains,Kenya,Muranga
423,37.1014473,-0.8847637,1528,maize,10/5/2021,Short Rains,Kenya,Muranga
424,37.0234944,-0.9689224,1549.4,maize,10/3/2021,Short Rains,Kenya,Muranga
425,37.0676183,-0.7749817,1538.3,maize,10/16/2021,Short Rains,Kenya,Muranga
426,37.0740719,-0.9633616,1408.2,maize,10/10/2021,Short Rains,Kenya,Muranga
427,37.0416123,-0.915514,1607.8,maize,10/14/2021,Short Rains,Kenya,Muranga
428,37.0663216,-0.7749695,1461.5,maize,10/16/2021,Short Rains,Kenya,Muranga
